INSERT INTO "STATUS" VALUES
('72b11cec-0080-496a-a3a9-92494007befb', 'Imported lead'),
('5ce3bbc1-6561-4c71-aa33-382692322b40', 'Not contacted'),
('d6c3fe4e-e7c9-4961-b7fe-9350242992e9', 'Contacted'),
('983b41a6-f1b6-4309-87df-5bfd2048392f', 'Customer'),
('b501cfdc-ea0b-4659-b6d5-0449467a9ca0', 'Closed (lost)');
INSERT INTO "COMPANY" VALUES
('48767ba4-a9a2-4c0b-9ce9-cf0c53e8e45e', 'Phillips Van Heusen Corp.'),
('c58f8dd9-95dc-4d01-836b-4df6b37de527', 'Avaya Inc.'),
('8cf87de5-574d-44ab-bf7f-25dec35cca73', 'Laboratory Corporation of America Holdings'),
('2fb669ec-0659-49fb-af9f-e6f71ce8156f', 'AutoZone, Inc.'),
('8db2356e-c5a4-461d-b231-6e13d4b48757', 'Linens ''n Things Inc.');   
INSERT INTO "CONTACT" VALUES
('51df6789-1b4f-4e32-b075-ef99e86ad9a5', 'eula.lane@jigrormo.ye', 'Eula', 'Lane', '8cf87de5-574d-44ab-bf7f-25dec35cca73', '72b11cec-0080-496a-a3a9-92494007befb'),
('d3bbd40d-8394-4e1c-b516-7d7808a08534', 'barry.rodriquez@zun.mm', 'Barry', 'Rodriquez', 'c58f8dd9-95dc-4d01-836b-4df6b37de527', 'b501cfdc-ea0b-4659-b6d5-0449467a9ca0'),
('dd280051-9ec2-450d-992a-c55b33e45afe', 'eugenia.selvi@capfad.vn', 'Eugenia', 'Selvi', '48767ba4-a9a2-4c0b-9ce9-cf0c53e8e45e', 'd6c3fe4e-e7c9-4961-b7fe-9350242992e9'),
('6bc84da4-cc04-4289-895f-eb8bf50b45a1', 'alejandro.miles@dec.bn', 'Alejandro', 'Miles', '8db2356e-c5a4-461d-b231-6e13d4b48757', 'd6c3fe4e-e7c9-4961-b7fe-9350242992e9'),
('99412746-4875-4693-8afc-a732e5629412', 'cora.tesi@bivo.yt', 'Cora', 'Tesi', '48767ba4-a9a2-4c0b-9ce9-cf0c53e8e45e', '983b41a6-f1b6-4309-87df-5bfd2048392f'),
('3f0fafe0-3db8-4b45-baa4-d493d30c019c', 'marguerite.ishii@judbilo.gn', 'Marguerite', 'Ishii', '8db2356e-c5a4-461d-b231-6e13d4b48757', '5ce3bbc1-6561-4c71-aa33-382692322b40'),
('b1f32996-c3bf-42a9-a6d3-8262c4100ff6', 'mildred.jacobs@joraf.wf', 'Mildred', 'Jacobs', '8cf87de5-574d-44ab-bf7f-25dec35cca73', '72b11cec-0080-496a-a3a9-92494007befb'),
('37f6329e-ff30-48ac-b3aa-aa4f2df0ba80', 'gene.goodman@kem.tl', 'Gene', 'Goodman', '8cf87de5-574d-44ab-bf7f-25dec35cca73', 'b501cfdc-ea0b-4659-b6d5-0449467a9ca0'),
('70a4c29c-f813-4818-8434-4ef374679ac1', 'lettie.bennett@odeter.bb', 'Lettie', 'Bennett', '48767ba4-a9a2-4c0b-9ce9-cf0c53e8e45e', '72b11cec-0080-496a-a3a9-92494007befb'),
('764f8256-217e-411c-9377-e1689c1ede54', 'mabel.leach@lisohuje.vi', 'Mabel', 'Leach', '8db2356e-c5a4-461d-b231-6e13d4b48757', '5ce3bbc1-6561-4c71-aa33-382692322b40'),
('861d4ce6-e2f7-485d-bede-6462e42ac3c8', 'jordan.miccinesi@duod.gy', 'Jordan', 'Miccinesi', '8cf87de5-574d-44ab-bf7f-25dec35cca73', 'd6c3fe4e-e7c9-4961-b7fe-9350242992e9'),
('cb2be9bc-129e-4218-bc28-802197dfbbf4', 'marie.parkes@nowufpus.ph', 'Marie', 'Parkes', 'c58f8dd9-95dc-4d01-836b-4df6b37de527', '72b11cec-0080-496a-a3a9-92494007befb'),
('ac63a577-bea6-46f0-af38-424bd354397a', 'rose.gray@kagu.hr', 'Rose', 'Gray', '2fb669ec-0659-49fb-af9f-e6f71ce8156f', '983b41a6-f1b6-4309-87df-5bfd2048392f'),
('41a54093-0e0e-4cb9-99b0-d387f4417f84', 'garrett.stokes@fef.bg', 'Garrett', 'Stokes', '2fb669ec-0659-49fb-af9f-e6f71ce8156f', 'd6c3fe4e-e7c9-4961-b7fe-9350242992e9'),
('62ceb860-f08a-49fd-8e56-d87034ade042', 'barbara.matthieu@derwogi.jm', 'Barbara', 'Matthieu', 'c58f8dd9-95dc-4d01-836b-4df6b37de527', 'b501cfdc-ea0b-4659-b6d5-0449467a9ca0'),
('30250d77-f781-496c-824f-8ca0b35954fe', 'jean.rhodes@wehovuce.gu', 'Jean', 'Rhodes', 'c58f8dd9-95dc-4d01-836b-4df6b37de527', 'd6c3fe4e-e7c9-4961-b7fe-9350242992e9'),
('a1d172ae-1516-4b91-a9b4-bf0c0068606e', 'jack.romoli@zamum.bw', 'Jack', 'Romoli', '48767ba4-a9a2-4c0b-9ce9-cf0c53e8e45e', '983b41a6-f1b6-4309-87df-5bfd2048392f'),
('15d87411-5e30-4f5e-928e-caf2205a785e', 'pearl.holden@dunebuh.cr', 'Pearl', 'Holden', '8cf87de5-574d-44ab-bf7f-25dec35cca73', '72b11cec-0080-496a-a3a9-92494007befb'),
('af5d1ecd-1c2d-48ef-a3a4-8a0e923d0d75', 'belle.montero@repiwid.si', 'Belle', 'Montero', '2fb669ec-0659-49fb-af9f-e6f71ce8156f', 'b501cfdc-ea0b-4659-b6d5-0449467a9ca0'),
('c67b6d2e-3f88-4724-acba-e7dec819d535', 'olive.molina@razuppa.ga', 'Olive', 'Molina', '48767ba4-a9a2-4c0b-9ce9-cf0c53e8e45e', '5ce3bbc1-6561-4c71-aa33-382692322b40'),
('2b836024-a9e1-43e3-be20-7a02d28975c8', 'minerva.todd@kulmenim.ad', 'Minerva', 'Todd', '2fb669ec-0659-49fb-af9f-e6f71ce8156f', 'd6c3fe4e-e7c9-4961-b7fe-9350242992e9'),
('c3698fbf-194f-41c8-8391-e890d5bd4c55', 'bobby.pearson@ib.kg', 'Bobby', 'Pearson', '2fb669ec-0659-49fb-af9f-e6f71ce8156f', '72b11cec-0080-496a-a3a9-92494007befb'),
('489e5de7-115f-46e4-b881-22aeea879cd7', 'larry.ciappi@ba.lk', 'Larry', 'Ciappi', '8db2356e-c5a4-461d-b231-6e13d4b48757', '5ce3bbc1-6561-4c71-aa33-382692322b40'),
('128dde1f-46ad-4401-8901-6097a6e4dc37', 'ronnie.salucci@tohhij.lv', 'Ronnie', 'Salucci', '2fb669ec-0659-49fb-af9f-e6f71ce8156f', '72b11cec-0080-496a-a3a9-92494007befb'),
('14bd5c43-f277-4f17-a235-818d53e0ba54', 'walter.grossi@tuvo.sa', 'Walter', 'Grossi', '2fb669ec-0659-49fb-af9f-e6f71ce8156f', '72b11cec-0080-496a-a3a9-92494007befb');      
INSERT INTO "CONTACT" VALUES
('66241aed-2891-4da5-8647-a75ed1723709', 'frances.koopmans@foga.tw', 'Frances', 'Koopmans', 'c58f8dd9-95dc-4d01-836b-4df6b37de527', 'b501cfdc-ea0b-4659-b6d5-0449467a9ca0'),
('95af9d1d-83a6-4a79-bb64-f9fea6b43835', 'frances.fujimoto@uswuzzub.jp', 'Frances', 'Fujimoto', '48767ba4-a9a2-4c0b-9ce9-cf0c53e8e45e', 'b501cfdc-ea0b-4659-b6d5-0449467a9ca0'),
('c870120c-5f25-4a57-992b-d265cfc4c831', 'olivia.vidal@hivwerip.vc', 'Olivia', 'Vidal', '2fb669ec-0659-49fb-af9f-e6f71ce8156f', '5ce3bbc1-6561-4c71-aa33-382692322b40'),
('28cc1d7e-07ee-4708-8b88-acb66884c1a1', 'edna.henry@gugusu.rw', 'Edna', 'Henry', '8cf87de5-574d-44ab-bf7f-25dec35cca73', '983b41a6-f1b6-4309-87df-5bfd2048392f'),
('0f2c88b4-4f8f-4986-b7de-a03445ca8a18', 'lydia.brun@zedekak.md', 'Lydia', 'Brun', 'c58f8dd9-95dc-4d01-836b-4df6b37de527', 'd6c3fe4e-e7c9-4961-b7fe-9350242992e9'),
('ec8e18d7-fb99-493d-92d9-e6d31329fd74', 'jay.blake@ral.mk', 'Jay', 'Blake', '8db2356e-c5a4-461d-b231-6e13d4b48757', '983b41a6-f1b6-4309-87df-5bfd2048392f'),
('0ea74725-7bee-4a86-9ab0-89ac3c51a172', 'isabel.serafini@turuhu.bh', 'Isabel', 'Serafini', '8db2356e-c5a4-461d-b231-6e13d4b48757', '72b11cec-0080-496a-a3a9-92494007befb'),
('54852d85-c1f1-4cd6-bb8d-8631cf9013ee', 'rebecca.carter@omjo.et', 'Rebecca', 'Carter', '8cf87de5-574d-44ab-bf7f-25dec35cca73', '983b41a6-f1b6-4309-87df-5bfd2048392f'),
('7fb70980-43e0-462c-b52a-ec6a0863ca87', 'maurice.fabbrini@rig.bh', 'Maurice', 'Fabbrini', '2fb669ec-0659-49fb-af9f-e6f71ce8156f', 'd6c3fe4e-e7c9-4961-b7fe-9350242992e9'),
('e27a9ccf-a06c-44e1-9191-38983048b0f7', 'ollie.turnbull@sicewap.org', 'Ollie', 'Turnbull', '48767ba4-a9a2-4c0b-9ce9-cf0c53e8e45e', '72b11cec-0080-496a-a3a9-92494007befb'),
('e313ccbd-be17-427a-be2f-f3a72f0be5bf', 'jerry.hopkins@fo.mh', 'Jerry', 'Hopkins', '2fb669ec-0659-49fb-af9f-e6f71ce8156f', 'b501cfdc-ea0b-4659-b6d5-0449467a9ca0'),
('5607291e-9497-4292-a180-12b835998f19', 'nora.lyons@gegijap.na', 'Nora', 'Lyons', '8db2356e-c5a4-461d-b231-6e13d4b48757', '72b11cec-0080-496a-a3a9-92494007befb'),
('1333d198-909d-4e39-8ee7-b20411501c4e', 'anne.weis@kuvesa.pe', 'Anne', 'Weis', 'c58f8dd9-95dc-4d01-836b-4df6b37de527', '983b41a6-f1b6-4309-87df-5bfd2048392f'),
('62a844c6-38b0-4ff1-9abe-af84f84dd67d', 'louise.gauthier@lapahu.mt', 'Louise', 'Gauthier', '48767ba4-a9a2-4c0b-9ce9-cf0c53e8e45e', '5ce3bbc1-6561-4c71-aa33-382692322b40'),
('6e5b25a7-6bba-4ad1-946a-a69144eba12c', 'lloyd.fani@zev.ru', 'Lloyd', 'Fani', '8cf87de5-574d-44ab-bf7f-25dec35cca73', '72b11cec-0080-496a-a3a9-92494007befb'),
('65209521-8a54-4e62-981c-62e450edc275', 'maud.dunn@nabeaga.ni', 'Maud', 'Dunn', '48767ba4-a9a2-4c0b-9ce9-cf0c53e8e45e', '72b11cec-0080-496a-a3a9-92494007befb'),
('813867b8-dd0a-4783-9e85-34b766f20e50', 'henry.gigli@kaot.ps', 'Henry', 'Gigli', '48767ba4-a9a2-4c0b-9ce9-cf0c53e8e45e', 'b501cfdc-ea0b-4659-b6d5-0449467a9ca0'),
('569e4f4f-a1b1-435f-9a51-11574efc4b14', 'virgie.werner@tawuctuj.cf', 'Virgie', 'Werner', '8db2356e-c5a4-461d-b231-6e13d4b48757', '983b41a6-f1b6-4309-87df-5bfd2048392f'),
('e586992e-ddb6-4b68-bb82-10eaee89f803', 'gregory.cozzi@eh.ru', 'Gregory', 'Cozzi', '8cf87de5-574d-44ab-bf7f-25dec35cca73', '5ce3bbc1-6561-4c71-aa33-382692322b40'),
('9f021b62-a1f8-4795-b1e1-8ca09e163f1f', 'lucinda.gil@fajjusuz.kr', 'Lucinda', 'Gil', 'c58f8dd9-95dc-4d01-836b-4df6b37de527', 'b501cfdc-ea0b-4659-b6d5-0449467a9ca0'),
('0730184a-9336-4466-9db8-cffbab6bfd5e', 'gertrude.verbeek@pave.cc', 'Gertrude', 'Verbeek', '48767ba4-a9a2-4c0b-9ce9-cf0c53e8e45e', 'b501cfdc-ea0b-4659-b6d5-0449467a9ca0'),
('f32fd3b7-7656-4724-b881-e684fd9d944f', 'mattie.graham@ispaviw.gt', 'Mattie', 'Graham', 'c58f8dd9-95dc-4d01-836b-4df6b37de527', '5ce3bbc1-6561-4c71-aa33-382692322b40'),
('e213341c-7ac6-4046-b6d6-9dd1291c9610', 'bryan.shaw@ha.ee', 'Bryan', 'Shaw', '2fb669ec-0659-49fb-af9f-e6f71ce8156f', '72b11cec-0080-496a-a3a9-92494007befb'),
('78ad4f94-9c94-44de-83ca-611e92fbdd0a', 'essie.adams@iliat.cw', 'Essie', 'Adams', '8cf87de5-574d-44ab-bf7f-25dec35cca73', 'b501cfdc-ea0b-4659-b6d5-0449467a9ca0'),
('c0bfcccc-2e4c-4915-b061-ea570062465f', 'gary.osborne@do.ga', 'Gary', 'Osborne', 'c58f8dd9-95dc-4d01-836b-4df6b37de527', 'b501cfdc-ea0b-4659-b6d5-0449467a9ca0');